date,province,num_def,new_cases,num_hosp,num_uci
2021-05-01,Albacete,0,0,3,0
2021-05-01,Alicante/Alacant,0,82,1,0
2021-05-01,Almería,2,0,7,2
2021-05-01,Araba/Álava,0,75,6,0
2021-05-01,Asturias,0,79,10,1
2021-05-01,Badajoz,1,39,3,1
2021-05-01,"Balears, Illes",0,0,5,2
2021-05-01,Barcelona,3,0,34,7
2021-05-01,Bizkaia,5,298,30,2
2021-05-01,Burgos,0,67,7,0
2021-05-01,Cantabria,0,0,13,3
2021-05-01,Castellón/Castelló,1,31,1,0
2021-05-01,Ceuta,0,0,0,0
2021-05-01,Ciudad Real,1,0,2,0
2021-05-01,"Coruña, A",0,0,4,2
2021-05-01,Cuenca,0,0,1,0
2021-05-01,Cáceres,0,25,0,0
2021-05-01,Cádiz,2,0,11,3
2021-05-01,Córdoba,0,0,7,0
2021-05-01,Gipuzkoa,3,208,0,0
2021-05-01,Girona,1,0,1,0
2021-05-01,Granada,0,0,23,4
2021-05-01,Guadalajara,0,0,0,0
2021-05-01,Huelva,1,0,7,0
2021-05-01,Huesca,1,22,5,2
2021-05-01,Jaén,1,0,6,1
2021-05-01,León,1,62,3,0
2021-05-01,Lleida,0,0,0,0
2021-05-01,Lugo,0,0,0,0
2021-05-01,Madrid,8,0,115,14
2021-05-01,Melilla,0,0,1,0
2021-05-01,Murcia,0,28,8,1
2021-05-01,Málaga,1,0,14,3
2021-05-01,Navarra,3,0,7,0
2021-05-01,Ourense,0,0,1,2
2021-05-01,Palencia,1,24,1,0
2021-05-01,"Palmas, Las",0,48,4,0
2021-05-01,Pontevedra,0,0,6,0
2021-05-01,"Rioja, La",0,0,3,0
2021-05-01,Salamanca,1,42,2,0
2021-05-01,Santa Cruz de Tenerife,0,80,12,2
2021-05-01,Segovia,1,35,4,0
2021-05-01,Sevilla,2,0,18,3
2021-05-01,Soria,2,9,1,0
2021-05-01,Tarragona,1,0,1,0
2021-05-01,Teruel,0,-2,1,0
2021-05-01,Toledo,4,0,3,0
2021-05-01,Valencia/València,0,66,4,1
2021-05-01,Valladolid,0,57,4,1
2021-05-01,Zamora,0,18,5,1
2021-05-01,Zaragoza,3,180,13,0
2021-05-01,Ávila,0,19,2,0
2021-05-02,Albacete,0,0,2,2
2021-05-02,Alicante/Alacant,0,25,1,0
2021-05-02,Almería,1,0,8,1
2021-05-02,Araba/Álava,0,38,2,0
2021-05-02,Asturias,0,41,7,1
2021-05-02,Badajoz,0,19,1,1
2021-05-02,"Balears, Illes",0,0,3,0
2021-05-02,Barcelona,2,0,39,1
2021-05-02,Bizkaia,1,268,17,4
2021-05-02,Burgos,2,49,2,1
2021-05-02,Cantabria,0,0,10,2
2021-05-02,Castellón/Castelló,0,24,2,1
2021-05-02,Ceuta,0,2,1,1
2021-05-02,Ciudad Real,0,0,1,1
2021-05-02,"Coruña, A",0,0,7,3
2021-05-02,Cuenca,1,0,3,0
2021-05-02,Cáceres,0,20,1,0
2021-05-02,Cádiz,2,0,6,1
2021-05-02,Córdoba,2,0,9,3
2021-05-02,Gipuzkoa,1,191,0,0
2021-05-02,Girona,3,0,2,0
2021-05-02,Granada,2,0,29,3
2021-05-02,Guadalajara,0,0,0,0
2021-05-02,Huelva,0,0,6,1
2021-05-02,Huesca,0,8,1,1
2021-05-02,Jaén,0,0,5,2
2021-05-02,León,0,13,4,1
2021-05-02,Lleida,0,0,0,0
2021-05-02,Lugo,0,0,1,0
2021-05-02,Madrid,12,0,110,16
2021-05-02,Melilla,0,0,2,0
2021-05-02,Murcia,0,13,4,1
2021-05-02,Málaga,1,0,6,2
2021-05-02,Navarra,3,0,8,1
2021-05-02,Ourense,0,0,1,0
2021-05-02,Palencia,0,17,4,1
2021-05-02,"Palmas, Las",0,57,4,1
2021-05-02,Pontevedra,1,0,6,0
2021-05-02,"Rioja, La",0,0,6,3
2021-05-02,Salamanca,0,20,3,2
2021-05-02,Santa Cruz de Tenerife,0,64,1,0
2021-05-02,Segovia,0,19,4,0
2021-05-02,Sevilla,4,0,19,4
2021-05-02,Soria,0,4,0,0
2021-05-02,Tarragona,0,0,0,0
2021-05-02,Teruel,0,1,0,0
2021-05-02,Toledo,1,0,6,1
2021-05-02,Valencia/València,1,65,5,0
2021-05-02,Valladolid,1,30,5,2
2021-05-02,Zamora,0,9,0,0
2021-05-02,Zaragoza,1,149,17,2
2021-05-02,Ávila,0,5,3,2
2021-05-03,Albacete,0,0,1,1
2021-05-03,Alicante/Alacant,1,11,0,0
2021-05-03,Almería,5,0,10,1
2021-05-03,Araba/Álava,0,42,0,0
2021-05-03,Asturias,2,71,11,1
2021-05-03,Badajoz,0,39,3,0
2021-05-03,"Balears, Illes",0,0,4,1
2021-05-03,Barcelona,4,0,44,5
2021-05-03,Bizkaia,5,340,32,3
2021-05-03,Burgos,1,36,10,1
2021-05-03,Cantabria,0,0,18,4
2021-05-03,Castellón/Castelló,0,9,3,1
2021-05-03,Ceuta,3,2,2,2
2021-05-03,Ciudad Real,0,0,4,1
2021-05-03,"Coruña, A",1,0,6,0
2021-05-03,Cuenca,0,0,1,0
2021-05-03,Cáceres,0,29,3,1
2021-05-03,Cádiz,2,0,4,2
2021-05-03,Córdoba,1,0,14,2
2021-05-03,Gipuzkoa,3,341,0,0
2021-05-03,Girona,2,0,5,1
2021-05-03,Granada,2,0,30,5
2021-05-03,Guadalajara,1,0,0,0
2021-05-03,Huelva,2,0,10,0
2021-05-03,Huesca,0,21,0,1
2021-05-03,Jaén,1,0,9,0
2021-05-03,León,1,22,6,1
2021-05-03,Lleida,0,0,1,0
2021-05-03,Lugo,0,0,1,0
2021-05-03,Madrid,15,0,116,18
2021-05-03,Melilla,1,0,0,0
2021-05-03,Murcia,1,109,4,3
2021-05-03,Málaga,0,0,6,0
2021-05-03,Navarra,2,0,7,0
2021-05-03,Ourense,0,0,4,1
2021-05-03,Palencia,0,12,2,0
2021-05-03,"Palmas, Las",0,59,3,2
2021-05-03,Pontevedra,0,0,13,4
2021-05-03,"Rioja, La",0,0,2,0
2021-05-03,Salamanca,0,18,2,1
2021-05-03,Santa Cruz de Tenerife,0,68,11,1
2021-05-03,Segovia,0,14,3,1
2021-05-03,Sevilla,2,0,23,3
2021-05-03,Soria,0,13,1,0
2021-05-03,Tarragona,1,0,3,0
2021-05-03,Teruel,0,13,0,0
2021-05-03,Toledo,3,0,7,0
2021-05-03,Valencia/València,1,35,4,0
2021-05-03,Valladolid,3,15,8,1
2021-05-03,Zamora,1,3,1,0
2021-05-03,Zaragoza,0,157,19,0
2021-05-03,Ávila,0,17,2,0
2021-05-04,Albacete,1,0,2,1
2021-05-04,Alicante/Alacant,0,39,3,0
2021-05-04,Almería,2,0,9,1
2021-05-04,Araba/Álava,0,61,0,0
2021-05-04,Asturias,0,50,8,3
2021-05-04,Badajoz,1,38,3,0
2021-05-04,"Balears, Illes",0,0,0,1
2021-05-04,Barcelona,10,0,42,2
2021-05-04,Bizkaia,5,366,33,3
2021-05-04,Burgos,1,76,11,2
2021-05-04,Cantabria,1,0,12,2
2021-05-04,Castellón/Castelló,0,30,2,0
2021-05-04,Ceuta,0,2,0,0
2021-05-04,Ciudad Real,0,0,3,0
2021-05-04,"Coruña, A",0,0,8,1
2021-05-04,Cuenca,0,0,0,0
2021-05-04,Cáceres,1,35,2,0
2021-05-04,Cádiz,1,0,7,0
2021-05-04,Córdoba,0,0,8,1
2021-05-04,Gipuzkoa,1,236,0,0
2021-05-04,Girona,0,0,4,0
2021-05-04,Granada,2,0,29,3
2021-05-04,Guadalajara,0,0,0,0
2021-05-04,Huelva,0,0,6,2
2021-05-04,Huesca,0,57,2,0
2021-05-04,Jaén,5,0,7,2
2021-05-04,León,0,65,7,1
2021-05-04,Lleida,0,0,0,0
2021-05-04,Lugo,0,0,0,0
2021-05-04,Madrid,17,0,182,18
2021-05-04,Melilla,2,0,0,0
2021-05-04,Murcia,0,66,9,1
2021-05-04,Málaga,0,0,15,1
2021-05-04,Navarra,1,0,10,0
2021-05-04,Ourense,0,0,1,0
2021-05-04,Palencia,1,15,4,0
2021-05-04,"Palmas, Las",1,73,5,1
2021-05-04,Pontevedra,0,0,10,2
2021-05-04,"Rioja, La",1,0,7,0
2021-05-04,Salamanca,0,28,2,0
2021-05-04,Santa Cruz de Tenerife,2,88,5,2
2021-05-04,Segovia,0,29,3,0
2021-05-04,Sevilla,1,0,25,6
2021-05-04,Soria,1,12,0,0
2021-05-04,Tarragona,1,0,4,0
2021-05-04,Teruel,0,13,2,0
2021-05-04,Toledo,3,0,9,1
2021-05-04,Valencia/València,0,58,3,0
2021-05-04,Valladolid,2,49,6,0
2021-05-04,Zamora,1,8,2,0
2021-05-04,Zaragoza,1,307,30,3
2021-05-04,Ávila,0,15,1,0
2021-05-05,Albacete,0,0,1,0
2021-05-05,Alicante/Alacant,0,44,2,0
2021-05-05,Almería,1,0,6,0
2021-05-05,Araba/Álava,1,66,0,0
2021-05-05,Asturias,0,51,11,1
2021-05-05,Badajoz,0,35,3,0
2021-05-05,"Balears, Illes",0,0,1,1
2021-05-05,Barcelona,10,0,45,6
2021-05-05,Bizkaia,4,358,22,0
2021-05-05,Burgos,0,91,12,0
2021-05-05,Cantabria,0,0,9,2
2021-05-05,Castellón/Castelló,0,17,1,0
2021-05-05,Ceuta,1,1,0,0
2021-05-05,Ciudad Real,0,0,0,0
2021-05-05,"Coruña, A",0,0,6,4
2021-05-05,Cuenca,0,0,1,1
2021-05-05,Cáceres,1,21,1,0
2021-05-05,Cádiz,2,0,4,0
2021-05-05,Córdoba,1,0,8,2
2021-05-05,Gipuzkoa,1,237,0,0
2021-05-05,Girona,2,0,3,0
2021-05-05,Granada,7,0,24,10
2021-05-05,Guadalajara,0,0,0,0
2021-05-05,Huelva,2,0,13,0
2021-05-05,Huesca,0,27,2,0
2021-05-05,Jaén,1,0,16,2
2021-05-05,León,0,69,4,2
2021-05-05,Lleida,0,0,1,0
2021-05-05,Lugo,1,0,0,0
2021-05-05,Madrid,11,0,143,16
2021-05-05,Melilla,1,0,2,0
2021-05-05,Murcia,0,70,8,2
2021-05-05,Málaga,1,0,11,4
2021-05-05,Navarra,0,0,6,0
2021-05-05,Ourense,0,0,2,0
2021-05-05,Palencia,1,11,2,0
2021-05-05,"Palmas, Las",0,55,6,1
2021-05-05,Pontevedra,0,0,7,1
2021-05-05,"Rioja, La",0,0,2,0
2021-05-05,Salamanca,0,38,2,1
2021-05-05,Santa Cruz de Tenerife,0,98,3,1
2021-05-05,Segovia,0,15,2,0
2021-05-05,Sevilla,2,0,29,5
2021-05-05,Soria,0,8,0,0
2021-05-05,Tarragona,1,0,1,0
2021-05-05,Teruel,0,10,1,0
2021-05-05,Toledo,0,0,5,3
2021-05-05,Valencia/València,1,88,6,0
2021-05-05,Valladolid,2,45,13,0
2021-05-05,Zamora,0,19,1,0
2021-05-05,Zaragoza,4,299,25,7
2021-05-05,Ávila,0,17,4,1
2021-05-06,Albacete,0,0,2,0
2021-05-06,Alicante/Alacant,0,61,3,0
2021-05-06,Almería,0,0,6,2
2021-05-06,Araba/Álava,3,70,0,0
2021-05-06,Asturias,0,67,7,0
2021-05-06,Badajoz,0,50,4,0
2021-05-06,"Balears, Illes",0,0,3,0
2021-05-06,Barcelona,4,0,38,5
2021-05-06,Bizkaia,6,321,23,2
2021-05-06,Burgos,0,81,4,1
2021-05-06,Cantabria,0,0,9,0
2021-05-06,Castellón/Castelló,0,26,1,0
2021-05-06,Ceuta,0,1,2,0
2021-05-06,Ciudad Real,0,0,2,0
2021-05-06,"Coruña, A",0,0,11,0
2021-05-06,Cuenca,0,0,0,0
2021-05-06,Cáceres,0,16,2,0
2021-05-06,Cádiz,1,0,8,2
2021-05-06,Córdoba,1,0,4,2
2021-05-06,Gipuzkoa,3,222,0,0
2021-05-06,Girona,3,0,2,0
2021-05-06,Granada,2,0,19,5
2021-05-06,Guadalajara,0,0,0,0
2021-05-06,Huelva,0,0,4,1
2021-05-06,Huesca,1,27,4,0
2021-05-06,Jaén,1,0,14,0
2021-05-06,León,0,64,6,1
2021-05-06,Lleida,0,0,3,0
2021-05-06,Lugo,0,0,1,0
2021-05-06,Madrid,12,0,152,16
2021-05-06,Melilla,1,0,2,0
2021-05-06,Murcia,0,67,6,2
2021-05-06,Málaga,0,0,7,1
2021-05-06,Navarra,1,0,14,2
2021-05-06,Ourense,0,0,2,0
2021-05-06,Palencia,0,27,5,0
2021-05-06,"Palmas, Las",1,63,6,0
2021-05-06,Pontevedra,0,0,9,1
2021-05-06,"Rioja, La",1,0,9,2
2021-05-06,Salamanca,0,25,5,0
2021-05-06,Santa Cruz de Tenerife,1,63,4,0
2021-05-06,Segovia,0,29,5,1
2021-05-06,Sevilla,0,0,30,2
2021-05-06,Soria,0,5,1,0
2021-05-06,Tarragona,1,0,1,0
2021-05-06,Teruel,0,10,1,0
2021-05-06,Toledo,1,0,7,1
2021-05-06,Valencia/València,2,81,4,1
2021-05-06,Valladolid,0,49,4,0
2021-05-06,Zamora,0,11,1,1
2021-05-06,Zaragoza,3,223,21,3
2021-05-06,Ávila,0,10,0,0
2021-05-07,Albacete,0,0,1,0
2021-05-07,Alicante/Alacant,2,68,3,0
2021-05-07,Almería,0,0,4,2
2021-05-07,Araba/Álava,1,43,0,0
2021-05-07,Asturias,2,57,7,2
2021-05-07,Badajoz,0,31,5,1
2021-05-07,"Balears, Illes",0,0,4,0
2021-05-07,Barcelona,2,0,38,5
2021-05-07,Bizkaia,4,299,23,3
2021-05-07,Burgos,1,118,7,2
2021-05-07,Cantabria,2,0,21,3
2021-05-07,Castellón/Castelló,0,26,1,0
2021-05-07,Ceuta,0,0,0,0
2021-05-07,Ciudad Real,0,0,1,0
2021-05-07,"Coruña, A",1,0,6,1
2021-05-07,Cuenca,0,0,0,0
2021-05-07,Cáceres,0,31,1,1
2021-05-07,Cádiz,3,0,5,1
2021-05-07,Córdoba,0,0,7,2
2021-05-07,Gipuzkoa,2,238,0,0
2021-05-07,Girona,1,0,2,0
2021-05-07,Granada,5,0,24,5
2021-05-07,Guadalajara,1,0,0,0
2021-05-07,Huelva,0,0,2,0
2021-05-07,Huesca,0,23,1,0
2021-05-07,Jaén,1,0,8,1
2021-05-07,León,0,71,5,1
2021-05-07,Lleida,0,0,3,0
2021-05-07,Lugo,0,0,0,0
2021-05-07,Madrid,20,0,150,15
2021-05-07,Melilla,0,0,0,0
2021-05-07,Murcia,0,78,4,1
2021-05-07,Málaga,1,0,11,1
2021-05-07,Navarra,0,0,11,1
2021-05-07,Ourense,0,0,0,0
2021-05-07,Palencia,1,22,4,0
2021-05-07,"Palmas, Las",2,72,3,0
2021-05-07,Pontevedra,0,0,10,1
2021-05-07,"Rioja, La",0,0,5,0
2021-05-07,Salamanca,1,17,4,0
2021-05-07,Santa Cruz de Tenerife,1,47,3,0
2021-05-07,Segovia,0,16,1,0
2021-05-07,Sevilla,3,0,26,3
2021-05-07,Soria,0,14,3,0
2021-05-07,Tarragona,2,0,2,0
2021-05-07,Teruel,0,11,1,0
2021-05-07,Toledo,1,0,6,1
2021-05-07,Valencia/València,0,81,2,0
2021-05-07,Valladolid,1,35,8,2
2021-05-07,Zamora,0,9,4,1
2021-05-07,Zaragoza,2,239,22,5
2021-05-07,Ávila,0,15,2,1
2021-05-08,Albacete,0,0,1,0
2021-05-08,Alicante/Alacant,0,33,3,0
2021-05-08,Almería,1,0,6,3
2021-05-08,Araba/Álava,0,31,0,0
2021-05-08,Asturias,3,51,2,0
2021-05-08,Badajoz,0,22,3,1
2021-05-08,"Balears, Illes",0,0,2,0
2021-05-08,Barcelona,4,0,23,5
2021-05-08,Bizkaia,4,236,15,1
2021-05-08,Burgos,0,81,5,0
2021-05-08,Cantabria,0,0,10,5
2021-05-08,Castellón/Castelló,2,27,0,0
2021-05-08,Ceuta,2,0,0,0
2021-05-08,Ciudad Real,0,0,2,0
2021-05-08,"Coruña, A",0,0,5,0
2021-05-08,Cuenca,0,0,0,0
2021-05-08,Cáceres,0,30,1,1
2021-05-08,Cádiz,1,0,6,0
2021-05-08,Córdoba,1,0,5,0
2021-05-08,Gipuzkoa,2,168,0,0
2021-05-08,Girona,3,0,0,0
2021-05-08,Granada,0,0,19,4
2021-05-08,Guadalajara,0,0,0,0
2021-05-08,Huelva,0,0,1,0
2021-05-08,Huesca,1,15,1,0
2021-05-08,Jaén,2,0,5,5
2021-05-08,León,0,57,3,0
2021-05-08,Lleida,0,0,0,0
2021-05-08,Lugo,0,0,3,0
2021-05-08,Madrid,7,0,84,8
2021-05-08,Melilla,1,0,1,0
2021-05-08,Murcia,0,46,4,2
2021-05-08,Málaga,0,0,9,1
2021-05-08,Navarra,1,0,5,1
2021-05-08,Ourense,0,0,1,0
2021-05-08,Palencia,0,30,0,0
2021-05-08,"Palmas, Las",0,39,7,0
2021-05-08,Pontevedra,0,0,2,1
2021-05-08,"Rioja, La",0,0,2,1
2021-05-08,Salamanca,0,21,1,0
2021-05-08,Santa Cruz de Tenerife,1,73,5,1
2021-05-08,Segovia,0,19,0,0
2021-05-08,Sevilla,3,0,25,5
2021-05-08,Soria,0,11,0,0
2021-05-08,Tarragona,1,0,0,0
2021-05-08,Teruel,0,3,0,1
2021-05-08,Toledo,2,0,8,1
2021-05-08,Valencia/València,0,67,2,0
2021-05-08,Valladolid,0,57,6,0
2021-05-08,Zamora,1,36,2,0
2021-05-08,Zaragoza,2,146,12,0
2021-05-08,Ávila,0,11,0,0
2021-05-09,Albacete,0,0,3,0
2021-05-09,Alicante/Alacant,0,45,1,0
2021-05-09,Almería,1,0,6,0
2021-05-09,Araba/Álava,0,30,0,0
2021-05-09,Asturias,0,35,3,0
2021-05-09,Badajoz,0,13,4,1
2021-05-09,"Balears, Illes",2,0,1,0
2021-05-09,Barcelona,4,0,28,4
2021-05-09,Bizkaia,1,175,6,0
2021-05-09,Burgos,0,38,7,1
2021-05-09,Cantabria,0,0,3,1
2021-05-09,Castellón/Castelló,1,19,2,0
2021-05-09,Ceuta,0,0,0,0
2021-05-09,Ciudad Real,0,0,3,0
2021-05-09,"Coruña, A",0,0,3,1
2021-05-09,Cuenca,0,0,2,0
2021-05-09,Cáceres,0,18,1,0
2021-05-09,Cádiz,1,0,4,0
2021-05-09,Córdoba,1,0,13,3
2021-05-09,Gipuzkoa,0,149,0,0
2021-05-09,Girona,1,0,0,0
2021-05-09,Granada,1,0,9,2
2021-05-09,Guadalajara,1,0,0,0
2021-05-09,Huelva,1,0,3,0
2021-05-09,Huesca,0,17,3,0
2021-05-09,Jaén,0,0,6,0
2021-05-09,León,0,21,6,1
2021-05-09,Lleida,0,0,0,0
2021-05-09,Lugo,0,0,0,0
2021-05-09,Madrid,4,0,96,7
2021-05-09,Melilla,0,0,4,0
2021-05-09,Murcia,1,21,7,1
2021-05-09,Málaga,2,0,9,0
2021-05-09,Navarra,1,0,7,1
2021-05-09,Ourense,0,0,2,0
2021-05-09,Palencia,0,14,2,0
2021-05-09,"Palmas, Las",1,30,3,0
2021-05-09,Pontevedra,0,0,4,1
2021-05-09,"Rioja, La",1,0,6,0
2021-05-09,Salamanca,0,20,2,0
2021-05-09,Santa Cruz de Tenerife,2,50,2,1
2021-05-09,Segovia,1,7,1,0
2021-05-09,Sevilla,4,0,20,3
2021-05-09,Soria,0,11,0,0
2021-05-09,Tarragona,1,0,2,0
2021-05-09,Teruel,0,4,2,1
2021-05-09,Toledo,1,0,9,0
2021-05-09,Valencia/València,0,55,3,2
2021-05-09,Valladolid,2,21,6,0
2021-05-09,Zamora,0,6,3,0
2021-05-09,Zaragoza,5,62,10,1
2021-05-09,Ávila,1,3,1,0
2021-05-10,Albacete,0,0,0,0
2021-05-10,Alicante/Alacant,0,14,0,0
2021-05-10,Almería,3,0,2,1
2021-05-10,Araba/Álava,0,32,0,0
2021-05-10,Asturias,1,53,5,2
2021-05-10,Badajoz,0,33,4,0
2021-05-10,"Balears, Illes",0,0,3,0
2021-05-10,Barcelona,1,0,43,1
2021-05-10,Bizkaia,4,265,10,0
2021-05-10,Burgos,0,33,6,1
2021-05-10,Cantabria,0,0,9,2
2021-05-10,Castellón/Castelló,0,8,2,0
2021-05-10,Ceuta,0,1,0,0
2021-05-10,Ciudad Real,1,0,2,1
2021-05-10,"Coruña, A",0,0,9,0
2021-05-10,Cuenca,1,0,3,0
2021-05-10,Cáceres,0,20,3,0
2021-05-10,Cádiz,1,0,4,1
2021-05-10,Córdoba,0,0,4,0
2021-05-10,Gipuzkoa,0,163,1,0
2021-05-10,Girona,0,0,1,0
2021-05-10,Granada,5,0,15,1
2021-05-10,Guadalajara,2,0,0,0
2021-05-10,Huelva,1,0,6,0
2021-05-10,Huesca,2,31,1,0
2021-05-10,Jaén,0,0,7,2
2021-05-10,León,1,17,5,0
2021-05-10,Lleida,0,0,1,0
2021-05-10,Lugo,0,0,2,0
2021-05-10,Madrid,14,0,130,12
2021-05-10,Melilla,1,0,0,0
2021-05-10,Murcia,0,64,5,1
2021-05-10,Málaga,0,0,9,1
2021-05-10,Navarra,1,0,5,1
2021-05-10,Ourense,1,0,1,0
2021-05-10,Palencia,1,6,2,0
2021-05-10,"Palmas, Las",0,32,3,2
2021-05-10,Pontevedra,0,0,9,0
2021-05-10,"Rioja, La",1,0,8,0
2021-05-10,Salamanca,0,7,5,0
2021-05-10,Santa Cruz de Tenerife,0,79,2,0
2021-05-10,Segovia,0,17,2,2
2021-05-10,Sevilla,3,0,21,5
2021-05-10,Soria,0,4,1,0
2021-05-10,Tarragona,0,0,3,0
2021-05-10,Teruel,0,6,0,0
2021-05-10,Toledo,3,0,14,0
2021-05-10,Valencia/València,0,18,4,1
2021-05-10,Valladolid,1,29,8,0
2021-05-10,Zamora,0,4,1,0
2021-05-10,Zaragoza,1,115,16,2
2021-05-10,Ávila,0,1,0,0
2021-05-11,Albacete,0,0,2,0
2021-05-11,Alicante/Alacant,0,22,4,0
2021-05-11,Almería,1,0,8,2
2021-05-11,Araba/Álava,1,29,0,1
2021-05-11,Asturias,0,44,2,0
2021-05-11,Badajoz,0,55,2,0
2021-05-11,"Balears, Illes",0,0,3,0
2021-05-11,Barcelona,7,0,26,3
2021-05-11,Bizkaia,6,298,16,0
2021-05-11,Burgos,0,86,4,1
2021-05-11,Cantabria,0,0,6,2
2021-05-11,Castellón/Castelló,0,23,2,0
2021-05-11,Ceuta,0,0,0,0
2021-05-11,Ciudad Real,1,0,6,0
2021-05-11,"Coruña, A",0,0,4,0
2021-05-11,Cuenca,0,0,1,0
2021-05-11,Cáceres,1,32,2,1
2021-05-11,Cádiz,0,0,10,2
2021-05-11,Córdoba,1,0,10,1
2021-05-11,Gipuzkoa,1,149,0,0
2021-05-11,Girona,0,0,1,0
2021-05-11,Granada,2,0,19,7
2021-05-11,Guadalajara,0,0,1,0
2021-05-11,Huelva,1,0,5,1
2021-05-11,Huesca,0,29,0,0
2021-05-11,Jaén,0,0,9,1
2021-05-11,León,0,66,3,1
2021-05-11,Lleida,1,0,0,0
2021-05-11,Lugo,0,0,4,1
2021-05-11,Madrid,8,0,114,7
2021-05-11,Melilla,0,0,4,1
2021-05-11,Murcia,1,75,4,1
2021-05-11,Málaga,0,0,7,2
2021-05-11,Navarra,1,0,9,1
2021-05-11,Ourense,0,0,2,0
2021-05-11,Palencia,0,7,0,1
2021-05-11,"Palmas, Las",1,90,3,1
2021-05-11,Pontevedra,1,0,14,1
2021-05-11,"Rioja, La",1,0,6,1
2021-05-11,Salamanca,1,42,5,0
2021-05-11,Santa Cruz de Tenerife,1,76,5,0
2021-05-11,Segovia,0,14,5,0
2021-05-11,Sevilla,1,0,22,2
2021-05-11,Soria,0,8,1,0
2021-05-11,Tarragona,0,0,0,0
2021-05-11,Teruel,0,6,1,0
2021-05-11,Toledo,0,0,6,0
2021-05-11,Valencia/València,1,54,4,0
2021-05-11,Valladolid,0,33,4,1
2021-05-11,Zamora,0,21,2,1
2021-05-11,Zaragoza,3,190,14,2
2021-05-11,Ávila,0,17,1,0
2021-05-12,Albacete,0,0,2,1
2021-05-12,Alicante/Alacant,2,27,1,0
2021-05-12,Almería,0,0,3,1
2021-05-12,Araba/Álava,1,27,0,0
2021-05-12,Asturias,2,62,7,0
2021-05-12,Badajoz,0,50,2,1
2021-05-12,"Balears, Illes",0,0,1,1
2021-05-12,Barcelona,2,0,27,1
2021-05-12,Bizkaia,2,276,9,1
2021-05-12,Burgos,1,43,5,1
2021-05-12,Cantabria,0,0,10,0
2021-05-12,Castellón/Castelló,0,27,1,0
2021-05-12,Ceuta,1,1,1,0
2021-05-12,Ciudad Real,0,0,3,0
2021-05-12,"Coruña, A",0,0,10,2
2021-05-12,Cuenca,0,0,0,0
2021-05-12,Cáceres,1,16,0,0
2021-05-12,Cádiz,1,0,4,0
2021-05-12,Córdoba,3,0,5,2
2021-05-12,Gipuzkoa,2,152,0,0
2021-05-12,Girona,1,0,0,0
2021-05-12,Granada,4,0,12,0
2021-05-12,Guadalajara,1,0,0,0
2021-05-12,Huelva,1,0,12,0
2021-05-12,Huesca,0,29,1,0
2021-05-12,Jaén,3,0,15,1
2021-05-12,León,1,45,6,1
2021-05-12,Lleida,0,0,1,0
2021-05-12,Lugo,1,0,2,1
2021-05-12,Madrid,5,0,112,14
2021-05-12,Melilla,0,0,1,0
2021-05-12,Murcia,0,86,8,0
2021-05-12,Málaga,0,0,10,2
2021-05-12,Navarra,1,0,3,0
2021-05-12,Ourense,0,0,0,0
2021-05-12,Palencia,0,21,3,0
2021-05-12,"Palmas, Las",2,62,4,1
2021-05-12,Pontevedra,0,0,4,1
2021-05-12,"Rioja, La",1,0,2,0
2021-05-12,Salamanca,0,23,2,0
2021-05-12,Santa Cruz de Tenerife,1,100,4,0
2021-05-12,Segovia,0,16,0,0
2021-05-12,Sevilla,4,0,36,4
2021-05-12,Soria,0,3,0,0
2021-05-12,Tarragona,0,0,1,0
2021-05-12,Teruel,0,6,0,0
2021-05-12,Toledo,1,0,11,0
2021-05-12,Valencia/València,0,79,6,0
2021-05-12,Valladolid,0,43,2,1
2021-05-12,Zamora,0,14,2,0
2021-05-12,Zaragoza,6,197,16,0
2021-05-12,Ávila,0,14,1,0
2021-05-13,Albacete,0,0,1,0
2021-05-13,Alicante/Alacant,0,41,2,0
2021-05-13,Almería,0,0,3,0
2021-05-13,Araba/Álava,0,32,0,0
2021-05-13,Asturias,0,52,4,0
2021-05-13,Badajoz,0,63,3,0
2021-05-13,"Balears, Illes",1,0,1,0
2021-05-13,Barcelona,3,0,24,1
2021-05-13,Bizkaia,3,245,8,0
2021-05-13,Burgos,1,70,4,0
2021-05-13,Cantabria,1,0,10,2
2021-05-13,Castellón/Castelló,0,18,0,0
2021-05-13,Ceuta,0,3,0,0
2021-05-13,Ciudad Real,0,0,2,0
2021-05-13,"Coruña, A",1,0,7,2
2021-05-13,Cuenca,0,0,0,0
2021-05-13,Cáceres,0,27,1,1
2021-05-13,Cádiz,0,0,6,0
2021-05-13,Córdoba,1,0,1,0
2021-05-13,Gipuzkoa,4,111,0,0
2021-05-13,Girona,0,0,3,0
2021-05-13,Granada,4,0,17,1
2021-05-13,Guadalajara,0,0,0,0
2021-05-13,Huelva,1,0,10,0
2021-05-13,Huesca,0,41,2,1
2021-05-13,Jaén,1,0,9,1
2021-05-13,León,0,35,3,0
2021-05-13,Lleida,0,0,1,1
2021-05-13,Lugo,0,0,2,0
2021-05-13,Madrid,10,0,101,5
2021-05-13,Melilla,0,0,2,0
2021-05-13,Murcia,0,70,7,0
2021-05-13,Málaga,0,0,10,2
2021-05-13,Navarra,0,0,8,0
2021-05-13,Ourense,0,0,3,0
2021-05-13,Palencia,1,8,2,2
2021-05-13,"Palmas, Las",1,53,5,0
2021-05-13,Pontevedra,2,0,9,2
2021-05-13,"Rioja, La",1,0,3,2
2021-05-13,Salamanca,0,33,1,0
2021-05-13,Santa Cruz de Tenerife,0,66,3,1
2021-05-13,Segovia,0,17,1,0
2021-05-13,Sevilla,0,0,27,0
2021-05-13,Soria,0,5,0,0
2021-05-13,Tarragona,1,0,3,1
2021-05-13,Teruel,0,6,1,1
2021-05-13,Toledo,2,0,7,1
2021-05-13,Valencia/València,1,71,8,1
2021-05-13,Valladolid,3,46,2,0
2021-05-13,Zamora,1,14,3,0
2021-05-13,Zaragoza,4,187,25,1
2021-05-13,Ávila,0,9,0,1
2021-05-14,Albacete,0,0,3,0
2021-05-14,Alicante/Alacant,0,74,4,1
2021-05-14,Almería,0,0,4,1
2021-05-14,Araba/Álava,0,37,0,0
2021-05-14,Asturias,0,55,1,0
2021-05-14,Badajoz,0,58,2,0
2021-05-14,"Balears, Illes",1,0,6,1
2021-05-14,Barcelona,4,0,22,1
2021-05-14,Bizkaia,3,221,0,0
2021-05-14,Burgos,0,47,6,0
2021-05-14,Cantabria,0,0,8,2
2021-05-14,Castellón/Castelló,0,15,1,0
2021-05-14,Ceuta,0,0,0,0
2021-05-14,Ciudad Real,0,0,0,0
2021-05-14,"Coruña, A",0,0,4,0
2021-05-14,Cuenca,0,0,1,0
2021-05-14,Cáceres,0,35,2,1
2021-05-14,Cádiz,2,0,8,2
2021-05-14,Córdoba,0,0,8,1
2021-05-14,Gipuzkoa,5,144,0,0
2021-05-14,Girona,0,0,1,0
2021-05-14,Granada,2,0,22,3
2021-05-14,Guadalajara,0,0,1,0
2021-05-14,Huelva,1,0,6,1
2021-05-14,Huesca,0,39,2,0
2021-05-14,Jaén,0,0,5,2
2021-05-14,León,0,72,4,0
2021-05-14,Lleida,0,0,3,0
2021-05-14,Lugo,0,0,0,0
2021-05-14,Madrid,6,0,104,13
2021-05-14,Melilla,0,0,1,1
2021-05-14,Murcia,0,59,8,1
2021-05-14,Málaga,1,0,5,0
2021-05-14,Navarra,1,0,5,1
2021-05-14,Ourense,0,0,1,0
2021-05-14,Palencia,0,26,1,0
2021-05-14,"Palmas, Las",1,55,5,1
2021-05-14,Pontevedra,1,0,8,0
2021-05-14,"Rioja, La",0,0,5,0
2021-05-14,Salamanca,0,35,4,0
2021-05-14,Santa Cruz de Tenerife,0,68,6,2
2021-05-14,Segovia,1,30,2,0
2021-05-14,Sevilla,1,0,26,2
2021-05-14,Soria,1,5,0,0
2021-05-14,Tarragona,0,0,3,0
2021-05-14,Teruel,0,6,0,0
2021-05-14,Toledo,1,0,6,1
2021-05-14,Valencia/València,0,64,7,0
2021-05-14,Valladolid,2,22,1,0
2021-05-14,Zamora,0,28,1,0
2021-05-14,Zaragoza,2,152,21,1
2021-05-14,Ávila,0,16,1,1
2021-05-15,Albacete,0,0,2,1
2021-05-15,Alicante/Alacant,0,0,0,1
2021-05-15,Almería,1,0,3,0
2021-05-15,Araba/Álava,0,23,0,0
2021-05-15,Asturias,0,40,3,1
2021-05-15,Badajoz,0,29,3,0
2021-05-15,"Balears, Illes",0,0,2,0
2021-05-15,Barcelona,3,0,13,0
2021-05-15,Bizkaia,5,176,2,0
2021-05-15,Burgos,1,51,4,1
2021-05-15,Cantabria,0,0,2,3
2021-05-15,Castellón/Castelló,0,0,1,0
2021-05-15,Ceuta,1,0,0,0
2021-05-15,Ciudad Real,0,0,2,0
2021-05-15,"Coruña, A",2,0,6,0
2021-05-15,Cuenca,0,0,0,0
2021-05-15,Cáceres,0,12,2,0
2021-05-15,Cádiz,1,0,6,0
2021-05-15,Córdoba,0,0,6,2
2021-05-15,Gipuzkoa,2,80,0,0
2021-05-15,Girona,0,0,1,0
2021-05-15,Granada,2,0,16,2
2021-05-15,Guadalajara,0,0,1,0
2021-05-15,Huelva,0,0,7,0
2021-05-15,Huesca,0,17,0,0
2021-05-15,Jaén,1,0,9,0
2021-05-15,León,0,53,1,0
2021-05-15,Lleida,0,0,2,1
2021-05-15,Lugo,0,0,1,0
2021-05-15,Madrid,3,0,65,3
2021-05-15,Melilla,1,0,1,0
2021-05-15,Murcia,0,47,4,0
2021-05-15,Málaga,1,0,8,0
2021-05-15,Navarra,1,0,0,0
2021-05-15,Ourense,0,0,2,1
2021-05-15,Palencia,0,11,1,0
2021-05-15,"Palmas, Las",0,50,6,0
2021-05-15,Pontevedra,2,0,4,0
2021-05-15,"Rioja, La",0,0,4,0
2021-05-15,Salamanca,0,39,2,0
2021-05-15,Santa Cruz de Tenerife,0,50,2,1
2021-05-15,Segovia,0,12,2,0
2021-05-15,Sevilla,1,0,19,3
2021-05-15,Soria,0,1,0,0
2021-05-15,Tarragona,0,0,1,0
2021-05-15,Teruel,0,0,1,0
2021-05-15,Toledo,0,0,5,0
2021-05-15,Valencia/València,0,0,6,0
2021-05-15,Valladolid,0,70,5,0
2021-05-15,Zamora,0,14,0,0
2021-05-15,Zaragoza,4,131,16,3
2021-05-15,Ávila,0,11,0,0
2021-05-16,Albacete,0,0,2,1
2021-05-16,Alicante/Alacant,0,0,0,2
2021-05-16,Almería,0,0,1,1
2021-05-16,Araba/Álava,0,29,0,0
2021-05-16,Asturias,3,41,4,0
2021-05-16,Badajoz,0,19,3,0
2021-05-16,"Balears, Illes",0,0,0,0
2021-05-16,Barcelona,2,0,18,1
2021-05-16,Bizkaia,1,151,0,1
2021-05-16,Burgos,1,36,4,1
2021-05-16,Cantabria,0,0,3,1
2021-05-16,Castellón/Castelló,0,0,1,1
2021-05-16,Ceuta,0,0,0,0
2021-05-16,Ciudad Real,1,0,4,0
2021-05-16,"Coruña, A",1,0,4,2
2021-05-16,Cuenca,0,0,2,0
2021-05-16,Cáceres,0,4,1,0
2021-05-16,Cádiz,1,0,2,1
2021-05-16,Córdoba,0,0,5,0
2021-05-16,Gipuzkoa,0,96,0,0
2021-05-16,Girona,0,0,2,1
2021-05-16,Granada,3,0,14,4
2021-05-16,Guadalajara,0,0,0,0
2021-05-16,Huelva,0,0,5,2
2021-05-16,Huesca,0,6,2,1
2021-05-16,Jaén,0,0,10,0
2021-05-16,León,1,29,6,1
2021-05-16,Lleida,0,0,0,0
2021-05-16,Lugo,0,0,0,0
2021-05-16,Madrid,8,0,74,9
2021-05-16,Melilla,0,0,1,1
2021-05-16,Murcia,1,21,1,3
2021-05-16,Málaga,0,0,8,1
2021-05-16,Navarra,0,0,3,0
2021-05-16,Ourense,0,0,2,0
2021-05-16,Palencia,0,9,1,0
2021-05-16,"Palmas, Las",1,63,1,0
2021-05-16,Pontevedra,1,0,2,0
2021-05-16,"Rioja, La",1,0,1,1
2021-05-16,Salamanca,0,9,1,0
2021-05-16,Santa Cruz de Tenerife,0,72,8,2
2021-05-16,Segovia,0,14,2,0
2021-05-16,Sevilla,2,0,14,0
2021-05-16,Soria,1,3,0,0
2021-05-16,Tarragona,1,0,1,0
2021-05-16,Teruel,0,1,1,0
2021-05-16,Toledo,0,0,6,1
2021-05-16,Valencia/València,0,0,2,0
2021-05-16,Valladolid,1,32,5,0
2021-05-16,Zamora,0,3,2,0
2021-05-16,Zaragoza,2,53,14,4
2021-05-16,Ávila,0,16,1,0
2021-05-17,Albacete,0,0,3,2
2021-05-17,Alicante/Alacant,0,193,2,0
2021-05-17,Almería,1,0,7,1
2021-05-17,Araba/Álava,1,23,0,0
2021-05-17,Asturias,1,47,7,1
2021-05-17,Badajoz,0,42,3,0
2021-05-17,"Balears, Illes",1,0,3,1
2021-05-17,Barcelona,5,0,17,2
2021-05-17,Bizkaia,2,157,0,1
2021-05-17,Burgos,0,29,3,1
2021-05-17,Cantabria,0,0,1,1
2021-05-17,Castellón/Castelló,0,33,4,0
2021-05-17,Ceuta,0,0,0,0
2021-05-17,Ciudad Real,1,0,1,0
2021-05-17,"Coruña, A",0,0,2,3
2021-05-17,Cuenca,0,0,3,0
2021-05-17,Cáceres,0,11,0,1
2021-05-17,Cádiz,0,0,5,0
2021-05-17,Córdoba,0,0,3,1
2021-05-17,Gipuzkoa,3,91,1,0
2021-05-17,Girona,0,0,0,0
2021-05-17,Granada,2,0,19,4
2021-05-17,Guadalajara,0,0,1,0
2021-05-17,Huelva,2,0,9,0
2021-05-17,Huesca,0,25,0,0
2021-05-17,Jaén,1,0,11,2
2021-05-17,León,0,23,5,2
2021-05-17,Lleida,0,0,1,0
2021-05-17,Lugo,0,0,1,0
2021-05-17,Madrid,4,0,92,8
2021-05-17,Melilla,0,0,2,0
2021-05-17,Murcia,0,89,7,2
2021-05-17,Málaga,0,0,7,3
2021-05-17,Navarra,0,0,6,1
2021-05-17,Ourense,1,0,0,1
2021-05-17,Palencia,0,10,3,0
2021-05-17,"Palmas, Las",0,56,3,3
2021-05-17,Pontevedra,1,0,3,0
2021-05-17,"Rioja, La",0,0,5,0
2021-05-17,Salamanca,0,2,2,0
2021-05-17,Santa Cruz de Tenerife,1,62,4,2
2021-05-17,Segovia,0,12,4,0
2021-05-17,Sevilla,1,0,27,0
2021-05-17,Soria,0,3,1,0
2021-05-17,Tarragona,0,0,1,0
2021-05-17,Teruel,0,4,1,0
2021-05-17,Toledo,3,0,7,1
2021-05-17,Valencia/València,0,161,2,0
2021-05-17,Valladolid,0,25,5,0
2021-05-17,Zamora,1,7,2,0
2021-05-17,Zaragoza,0,99,25,2
2021-05-17,Ávila,1,11,0,0
2021-05-18,Albacete,0,0,2,0
2021-05-18,Alicante/Alacant,0,47,2,0
2021-05-18,Almería,0,0,4,0
2021-05-18,Araba/Álava,1,31,0,0
2021-05-18,Asturias,0,47,6,0
2021-05-18,Badajoz,1,62,2,0
2021-05-18,"Balears, Illes",0,0,3,0
2021-05-18,Barcelona,2,0,12,0
2021-05-18,Bizkaia,2,221,0,1
2021-05-18,Burgos,1,56,2,0
2021-05-18,Cantabria,0,0,7,1
2021-05-18,Castellón/Castelló,0,22,1,1
2021-05-18,Ceuta,0,1,1,0
2021-05-18,Ciudad Real,1,0,3,0
2021-05-18,"Coruña, A",0,0,6,0
2021-05-18,Cuenca,0,0,2,0
2021-05-18,Cáceres,0,22,1,0
2021-05-18,Cádiz,0,0,8,2
2021-05-18,Córdoba,0,0,3,1
2021-05-18,Gipuzkoa,1,113,0,0
2021-05-18,Girona,0,0,1,0
2021-05-18,Granada,2,0,11,1
2021-05-18,Guadalajara,0,0,0,0
2021-05-18,Huelva,0,0,8,0
2021-05-18,Huesca,0,29,2,0
2021-05-18,Jaén,0,0,13,1
2021-05-18,León,0,45,2,1
2021-05-18,Lleida,0,0,1,0
2021-05-18,Lugo,0,0,0,0
2021-05-18,Madrid,8,0,81,13
2021-05-18,Melilla,0,0,2,0
2021-05-18,Murcia,0,114,8,1
2021-05-18,Málaga,2,0,7,0
2021-05-18,Navarra,0,0,1,0
2021-05-18,Ourense,0,0,1,0
2021-05-18,Palencia,0,20,4,0
2021-05-18,"Palmas, Las",0,54,4,2
2021-05-18,Pontevedra,0,0,5,1
2021-05-18,"Rioja, La",0,0,6,0
2021-05-18,Salamanca,0,19,6,0
2021-05-18,Santa Cruz de Tenerife,1,46,10,1
2021-05-18,Segovia,0,23,0,0
2021-05-18,Sevilla,1,0,18,0
2021-05-18,Soria,1,3,1,0
2021-05-18,Tarragona,0,0,4,2
2021-05-18,Teruel,0,8,0,0
2021-05-18,Toledo,0,0,4,1
2021-05-18,Valencia/València,2,67,6,1
2021-05-18,Valladolid,0,52,4,0
2021-05-18,Zamora,0,13,1,0
2021-05-18,Zaragoza,3,224,16,4
2021-05-18,Ávila,0,12,0,0
2021-05-19,Albacete,0,0,4,0
2021-05-19,Alicante/Alacant,0,61,1,0
2021-05-19,Almería,1,0,4,0
2021-05-19,Araba/Álava,0,20,0,0
2021-05-19,Asturias,2,77,7,1
2021-05-19,Badajoz,0,61,1,1
2021-05-19,"Balears, Illes",0,0,3,0
2021-05-19,Barcelona,1,0,9,3
2021-05-19,Bizkaia,1,228,1,0
2021-05-19,Burgos,1,70,5,2
2021-05-19,Cantabria,0,0,5,1
2021-05-19,Castellón/Castelló,0,22,3,0
2021-05-19,Ceuta,0,0,1,0
2021-05-19,Ciudad Real,0,0,3,0
2021-05-19,"Coruña, A",0,0,2,1
2021-05-19,Cuenca,0,0,1,1
2021-05-19,Cáceres,0,14,0,1
2021-05-19,Cádiz,0,0,7,1
2021-05-19,Córdoba,0,0,7,0
2021-05-19,Gipuzkoa,0,101,0,0
2021-05-19,Girona,1,0,0,0
2021-05-19,Granada,2,0,9,1
2021-05-19,Guadalajara,0,0,0,0
2021-05-19,Huelva,0,0,2,0
2021-05-19,Huesca,0,30,1,0
2021-05-19,Jaén,1,0,6,2
2021-05-19,León,0,70,3,1
2021-05-19,Lleida,0,0,1,0
2021-05-19,Lugo,0,0,1,1
2021-05-19,Madrid,10,0,74,9
2021-05-19,Melilla,0,0,1,0
2021-05-19,Murcia,0,85,7,1
2021-05-19,Málaga,1,0,14,0
2021-05-19,Navarra,0,0,4,0
2021-05-19,Ourense,0,0,1,0
2021-05-19,Palencia,0,15,4,1
2021-05-19,"Palmas, Las",1,75,3,1
2021-05-19,Pontevedra,0,0,7,1
2021-05-19,"Rioja, La",0,0,4,0
2021-05-19,Salamanca,0,19,2,0
2021-05-19,Santa Cruz de Tenerife,1,109,5,0
2021-05-19,Segovia,0,25,3,0
2021-05-19,Sevilla,4,0,22,5
2021-05-19,Soria,0,11,0,0
2021-05-19,Tarragona,0,0,2,0
2021-05-19,Teruel,0,7,2,0
2021-05-19,Toledo,1,0,0,0
2021-05-19,Valencia/València,1,55,5,0
2021-05-19,Valladolid,0,69,7,1
2021-05-19,Zamora,0,12,1,0
2021-05-19,Zaragoza,3,205,11,0
2021-05-19,Ávila,0,15,2,0
2021-05-20,Albacete,0,0,2,0
2021-05-20,Alicante/Alacant,0,54,1,1
2021-05-20,Almería,0,0,3,0
2021-05-20,Araba/Álava,0,27,0,0
2021-05-20,Asturias,1,61,11,0
2021-05-20,Badajoz,0,51,7,0
2021-05-20,"Balears, Illes",0,0,1,0
2021-05-20,Barcelona,1,0,12,1
2021-05-20,Bizkaia,2,233,0,0
2021-05-20,Burgos,1,59,4,0
2021-05-20,Cantabria,1,0,4,0
2021-05-20,Castellón/Castelló,0,33,0,0
2021-05-20,Ceuta,0,0,0,0
2021-05-20,Ciudad Real,1,0,1,0
2021-05-20,"Coruña, A",0,0,2,0
2021-05-20,Cuenca,0,0,1,0
2021-05-20,Cáceres,0,15,0,0
2021-05-20,Cádiz,1,0,4,0
2021-05-20,Córdoba,0,0,5,1
2021-05-20,Gipuzkoa,2,133,0,0
2021-05-20,Girona,0,0,0,0
2021-05-20,Granada,0,0,15,5
2021-05-20,Guadalajara,0,0,0,0
2021-05-20,Huelva,1,0,7,0
2021-05-20,Huesca,0,26,0,1
2021-05-20,Jaén,2,0,9,2
2021-05-20,León,0,42,3,2
2021-05-20,Lleida,0,0,0,0
2021-05-20,Lugo,0,0,2,0
2021-05-20,Madrid,6,0,58,7
2021-05-20,Melilla,0,0,0,0
2021-05-20,Murcia,0,106,8,1
2021-05-20,Málaga,0,0,8,1
2021-05-20,Navarra,0,0,4,1
2021-05-20,Ourense,0,0,1,0
2021-05-20,Palencia,0,15,2,0
2021-05-20,"Palmas, Las",1,65,3,0
2021-05-20,Pontevedra,1,0,2,0
2021-05-20,"Rioja, La",0,0,3,2
2021-05-20,Salamanca,0,28,3,0
2021-05-20,Santa Cruz de Tenerife,0,92,6,2
2021-05-20,Segovia,0,21,1,0
2021-05-20,Sevilla,0,0,18,3
2021-05-20,Soria,0,10,0,0
2021-05-20,Tarragona,0,0,1,0
2021-05-20,Teruel,0,9,0,0
2021-05-20,Toledo,0,0,6,1
2021-05-20,Valencia/València,0,86,4,1
2021-05-20,Valladolid,1,54,4,0
2021-05-20,Zamora,0,13,0,0
2021-05-20,Zaragoza,2,199,13,0
2021-05-20,Ávila,0,10,1,0
2021-05-21,Albacete,0,0,2,1
2021-05-21,Alicante/Alacant,0,62,1,0
2021-05-21,Almería,1,0,3,0
2021-05-21,Araba/Álava,1,36,0,0
2021-05-21,Asturias,1,54,6,1
2021-05-21,Badajoz,0,57,3,0
2021-05-21,"Balears, Illes",0,0,1,0
2021-05-21,Barcelona,1,0,16,1
2021-05-21,Bizkaia,5,221,0,0
2021-05-21,Burgos,0,55,4,0
2021-05-21,Cantabria,1,0,1,0
2021-05-21,Castellón/Castelló,0,30,0,0
2021-05-21,Ceuta,0,0,0,0
2021-05-21,Ciudad Real,1,0,1,0
2021-05-21,"Coruña, A",1,0,3,1
2021-05-21,Cuenca,0,0,1,0
2021-05-21,Cáceres,0,15,0,1
2021-05-21,Cádiz,0,0,6,1
2021-05-21,Córdoba,1,0,4,1
2021-05-21,Gipuzkoa,5,101,0,0
2021-05-21,Girona,1,0,1,0
2021-05-21,Granada,0,0,14,0
2021-05-21,Guadalajara,0,0,0,0
2021-05-21,Huelva,1,0,8,1
2021-05-21,Huesca,0,25,1,0
2021-05-21,Jaén,0,0,10,1
2021-05-21,León,1,54,6,2
2021-05-21,Lleida,0,0,1,0
2021-05-21,Lugo,0,0,1,0
2021-05-21,Madrid,9,0,94,8
2021-05-21,Melilla,0,0,1,0
2021-05-21,Murcia,1,75,8,2
2021-05-21,Málaga,1,0,9,0
2021-05-21,Navarra,0,0,3,0
2021-05-21,Ourense,0,0,1,1
2021-05-21,Palencia,0,21,2,0
2021-05-21,"Palmas, Las",0,51,2,1
2021-05-21,Pontevedra,0,0,3,0
2021-05-21,"Rioja, La",1,0,4,0
2021-05-21,Salamanca,0,23,2,0
2021-05-21,Santa Cruz de Tenerife,0,84,8,0
2021-05-21,Segovia,0,17,1,0
2021-05-21,Sevilla,2,0,27,6
2021-05-21,Soria,0,9,0,0
2021-05-21,Tarragona,0,0,1,0
2021-05-21,Teruel,0,4,0,0
2021-05-21,Toledo,0,0,3,1
2021-05-21,Valencia/València,1,74,7,0
2021-05-21,Valladolid,0,72,3,2
2021-05-21,Zamora,0,8,1,0
2021-05-21,Zaragoza,2,165,13,3
2021-05-21,Ávila,0,20,1,1
2021-05-22,Albacete,0,0,0,0
2021-05-22,Alicante/Alacant,0,47,1,0
2021-05-22,Almería,0,0,5,0
2021-05-22,Araba/Álava,1,27,0,0
2021-05-22,Asturias,1,55,5,2
2021-05-22,Badajoz,1,30,3,0
2021-05-22,"Balears, Illes",0,0,1,0
2021-05-22,Barcelona,0,0,14,4
2021-05-22,Bizkaia,1,149,0,0
2021-05-22,Burgos,0,64,3,0
2021-05-22,Cantabria,0,0,5,0
2021-05-22,Castellón/Castelló,0,15,0,0
2021-05-22,Ceuta,0,0,0,0
2021-05-22,Ciudad Real,0,0,3,0
2021-05-22,"Coruña, A",0,0,3,0
2021-05-22,Cuenca,0,0,0,0
2021-05-22,Cáceres,0,15,0,0
2021-05-22,Cádiz,0,0,4,0
2021-05-22,Córdoba,1,0,2,0
2021-05-22,Gipuzkoa,0,78,0,0
2021-05-22,Girona,1,0,1,0
2021-05-22,Granada,1,0,13,2
2021-05-22,Guadalajara,0,0,0,0
2021-05-22,Huelva,0,0,4,0
2021-05-22,Huesca,0,12,1,0
2021-05-22,Jaén,0,0,3,1
2021-05-22,León,0,38,3,1
2021-05-22,Lleida,0,0,1,0
2021-05-22,Lugo,0,0,0,0
2021-05-22,Madrid,11,0,53,7
2021-05-22,Melilla,0,0,2,1
2021-05-22,Murcia,1,47,4,1
2021-05-22,Málaga,0,0,6,0
2021-05-22,Navarra,0,0,2,0
2021-05-22,Ourense,0,0,0,0
2021-05-22,Palencia,0,27,2,0
2021-05-22,"Palmas, Las",0,38,5,1
2021-05-22,Pontevedra,1,0,3,0
2021-05-22,"Rioja, La",0,0,4,0
2021-05-22,Salamanca,0,27,0,0
2021-05-22,Santa Cruz de Tenerife,0,40,5,0
2021-05-22,Segovia,0,23,0,0
2021-05-22,Sevilla,2,0,21,1
2021-05-22,Soria,0,5,0,0
2021-05-22,Tarragona,1,0,3,0
2021-05-22,Teruel,0,1,0,0
2021-05-22,Toledo,1,0,5,0
2021-05-22,Valencia/València,1,65,4,0
2021-05-22,Valladolid,0,82,4,1
2021-05-22,Zamora,0,6,0,0
2021-05-22,Zaragoza,3,123,5,0
2021-05-22,Ávila,0,12,1,0
2021-05-23,Albacete,0,0,2,0
2021-05-23,Alicante/Alacant,0,0,1,0
2021-05-23,Almería,1,0,2,0
2021-05-23,Araba/Álava,0,25,0,0
2021-05-23,Asturias,0,29,5,0
2021-05-23,Badajoz,0,23,3,2
2021-05-23,"Balears, Illes",0,0,0,0
2021-05-23,Barcelona,1,0,7,1
2021-05-23,Bizkaia,2,125,1,0
2021-05-23,Burgos,1,31,1,1
2021-05-23,Cantabria,0,0,2,1
2021-05-23,Castellón/Castelló,0,0,0,0
2021-05-23,Ceuta,0,0,0,0
2021-05-23,Ciudad Real,0,0,2,0
2021-05-23,"Coruña, A",0,0,3,1
2021-05-23,Cuenca,0,0,0,0
2021-05-23,Cáceres,0,6,0,0
2021-05-23,Cádiz,1,0,4,0
2021-05-23,Córdoba,0,0,5,1
2021-05-23,Gipuzkoa,0,88,0,0
2021-05-23,Girona,0,0,0,0
2021-05-23,Granada,2,0,11,0
2021-05-23,Guadalajara,0,0,0,0
2021-05-23,Huelva,2,0,4,1
2021-05-23,Huesca,0,4,2,0
2021-05-23,Jaén,0,0,6,1
2021-05-23,León,0,18,1,1
2021-05-23,Lleida,0,0,0,0
2021-05-23,Lugo,0,0,1,0
2021-05-23,Madrid,10,0,50,7
2021-05-23,Melilla,0,0,0,0
2021-05-23,Murcia,2,18,6,2
2021-05-23,Málaga,1,0,8,1
2021-05-23,Navarra,0,0,2,1
2021-05-23,Ourense,0,0,3,1
2021-05-23,Palencia,3,8,0,0
2021-05-23,"Palmas, Las",0,43,2,1
2021-05-23,Pontevedra,0,0,4,1
2021-05-23,"Rioja, La",1,0,2,0
2021-05-23,Salamanca,0,9,0,0
2021-05-23,Santa Cruz de Tenerife,1,53,3,1
2021-05-23,Segovia,0,11,1,0
2021-05-23,Sevilla,1,0,15,1
2021-05-23,Soria,0,4,1,0
2021-05-23,Tarragona,0,0,0,0
2021-05-23,Teruel,0,3,0,0
2021-05-23,Toledo,0,0,3,1
2021-05-23,Valencia/València,0,0,0,0
2021-05-23,Valladolid,0,41,6,1
2021-05-23,Zamora,0,6,0,1
2021-05-23,Zaragoza,0,62,7,1
2021-05-23,Ávila,0,15,1,1
2021-05-24,Albacete,0,0,2,1
2021-05-24,Alicante/Alacant,0,46,1,0
2021-05-24,Almería,2,0,2,1
2021-05-24,Araba/Álava,1,19,0,0
2021-05-24,Asturias,0,36,5,0
2021-05-24,Badajoz,0,65,1,0
2021-05-24,"Balears, Illes",0,0,4,0
2021-05-24,Barcelona,2,0,16,6
2021-05-24,Bizkaia,1,160,0,0
2021-05-24,Burgos,1,26,5,0
2021-05-24,Cantabria,0,0,1,0
2021-05-24,Castellón/Castelló,0,20,2,0
2021-05-24,Ceuta,0,0,1,0
2021-05-24,Ciudad Real,0,0,4,1
2021-05-24,"Coruña, A",0,0,8,1
2021-05-24,Cuenca,0,0,1,1
2021-05-24,Cáceres,1,11,0,0
2021-05-24,Cádiz,0,0,7,0
2021-05-24,Córdoba,1,0,4,0
2021-05-24,Gipuzkoa,1,91,0,0
2021-05-24,Girona,0,0,1,0
2021-05-24,Granada,0,0,14,1
2021-05-24,Guadalajara,0,0,0,0
2021-05-24,Huelva,0,0,6,0
2021-05-24,Huesca,0,17,1,0
2021-05-24,Jaén,0,0,2,0
2021-05-24,León,0,6,0,0
2021-05-24,Lleida,0,0,1,0
2021-05-24,Lugo,0,0,2,0
2021-05-24,Madrid,10,0,93,5
2021-05-24,Melilla,0,0,2,0
2021-05-24,Murcia,0,108,7,1
2021-05-24,Málaga,0,0,15,1
2021-05-24,Navarra,0,0,0,0
2021-05-24,Ourense,0,0,4,1
2021-05-24,Palencia,0,25,4,0
2021-05-24,"Palmas, Las",0,48,2,0
2021-05-24,Pontevedra,1,0,3,0
2021-05-24,"Rioja, La",0,0,0,0
2021-05-24,Salamanca,0,11,2,0
2021-05-24,Santa Cruz de Tenerife,0,52,3,1
2021-05-24,Segovia,0,2,1,0
2021-05-24,Sevilla,3,0,24,1
2021-05-24,Soria,0,3,1,0
2021-05-24,Tarragona,1,0,0,0
2021-05-24,Teruel,0,6,0,0
2021-05-24,Toledo,1,0,2,1
2021-05-24,Valencia/València,0,75,7,0
2021-05-24,Valladolid,0,29,3,0
2021-05-24,Zamora,0,5,2,0
2021-05-24,Zaragoza,1,100,19,7
2021-05-24,Ávila,0,12,3,1
2021-05-25,Albacete,0,0,2,1
2021-05-25,Alicante/Alacant,0,28,1,0
2021-05-25,Almería,0,0,8,3
2021-05-25,Araba/Álava,0,29,0,0
2021-05-25,Asturias,0,67,7,1
2021-05-25,Badajoz,0,48,1,0
2021-05-25,"Balears, Illes",0,0,1,0
2021-05-25,Barcelona,0,0,16,1
2021-05-25,Bizkaia,1,228,0,0
2021-05-25,Burgos,0,50,3,0
2021-05-25,Cantabria,0,0,2,1
2021-05-25,Castellón/Castelló,0,29,4,0
2021-05-25,Ceuta,0,3,0,0
2021-05-25,Ciudad Real,0,0,1,0
2021-05-25,"Coruña, A",0,0,5,2
2021-05-25,Cuenca,0,0,0,0
2021-05-25,Cáceres,0,25,1,0
2021-05-25,Cádiz,0,0,3,0
2021-05-25,Córdoba,0,0,4,2
2021-05-25,Gipuzkoa,2,121,0,0
2021-05-25,Girona,0,0,1,0
2021-05-25,Granada,1,0,16,0
2021-05-25,Guadalajara,0,0,0,0
2021-05-25,Huelva,0,0,3,0
2021-05-25,Huesca,0,20,1,1
2021-05-25,Jaén,0,0,5,2
2021-05-25,León,0,35,0,0
2021-05-25,Lleida,0,0,0,0
2021-05-25,Lugo,0,0,1,0
2021-05-25,Madrid,7,0,77,5
2021-05-25,Melilla,0,0,0,0
2021-05-25,Murcia,2,81,5,1
2021-05-25,Málaga,0,0,11,1
2021-05-25,Navarra,1,0,4,0
2021-05-25,Ourense,0,0,1,1
2021-05-25,Palencia,0,14,1,0
2021-05-25,"Palmas, Las",0,62,3,0
2021-05-25,Pontevedra,1,0,4,0
2021-05-25,"Rioja, La",0,0,4,0
2021-05-25,Salamanca,0,17,0,0
2021-05-25,Santa Cruz de Tenerife,0,46,3,0
2021-05-25,Segovia,0,24,0,0
2021-05-25,Sevilla,1,0,17,0
2021-05-25,Soria,0,5,1,0
2021-05-25,Tarragona,0,0,0,0
2021-05-25,Teruel,0,7,0,0
2021-05-25,Toledo,0,0,4,0
2021-05-25,Valencia/València,1,63,10,1
2021-05-25,Valladolid,0,83,5,1
2021-05-25,Zamora,0,6,2,0
2021-05-25,Zaragoza,2,137,6,2
2021-05-25,Ávila,0,17,1,1
2021-05-26,Albacete,0,0,2,0
2021-05-26,Alicante/Alacant,0,52,2,0
2021-05-26,Almería,0,0,2,1
2021-05-26,Araba/Álava,2,46,0,0
2021-05-26,Asturias,0,32,2,1
2021-05-26,Badajoz,0,43,1,0
2021-05-26,"Balears, Illes",0,0,0,0
2021-05-26,Barcelona,0,0,9,1
2021-05-26,Bizkaia,6,194,0,0
2021-05-26,Burgos,0,41,5,2
2021-05-26,Cantabria,1,0,3,2
2021-05-26,Castellón/Castelló,1,33,1,0
2021-05-26,Ceuta,0,4,1,0
2021-05-26,Ciudad Real,0,0,1,0
2021-05-26,"Coruña, A",0,0,5,0
2021-05-26,Cuenca,0,0,0,0
2021-05-26,Cáceres,0,9,0,0
2021-05-26,Cádiz,1,0,7,0
2021-05-26,Córdoba,0,0,3,0
2021-05-26,Gipuzkoa,2,117,0,0
2021-05-26,Girona,0,0,1,0
2021-05-26,Granada,1,0,15,4
2021-05-26,Guadalajara,0,0,0,0
2021-05-26,Huelva,1,0,1,0
2021-05-26,Huesca,0,19,1,0
2021-05-26,Jaén,0,0,10,1
2021-05-26,León,0,44,3,0
2021-05-26,Lleida,0,0,0,0
2021-05-26,Lugo,0,0,1,2
2021-05-26,Madrid,4,0,54,8
2021-05-26,Melilla,0,0,4,0
2021-05-26,Murcia,0,77,10,1
2021-05-26,Málaga,1,0,10,1
2021-05-26,Navarra,0,0,0,0
2021-05-26,Ourense,0,0,0,0
2021-05-26,Palencia,1,27,3,1
2021-05-26,"Palmas, Las",0,54,5,0
2021-05-26,Pontevedra,0,0,4,0
2021-05-26,"Rioja, La",0,0,7,1
2021-05-26,Salamanca,0,15,2,0
2021-05-26,Santa Cruz de Tenerife,1,82,4,0
2021-05-26,Segovia,0,16,0,0
2021-05-26,Sevilla,0,0,29,4
2021-05-26,Soria,0,2,0,0
2021-05-26,Tarragona,1,0,0,0
2021-05-26,Teruel,0,14,2,0
2021-05-26,Toledo,0,0,6,2
2021-05-26,Valencia/València,0,107,6,1
2021-05-26,Valladolid,0,83,6,2
2021-05-26,Zamora,0,12,0,0
2021-05-26,Zaragoza,1,115,11,1
2021-05-26,Ávila,2,18,2,0
2021-05-27,Albacete,1,0,1,1
2021-05-27,Alicante/Alacant,0,61,4,1
2021-05-27,Almería,1,0,2,0
2021-05-27,Araba/Álava,0,45,0,0
2021-05-27,Asturias,0,58,8,1
2021-05-27,Badajoz,0,35,0,0
2021-05-27,"Balears, Illes",0,0,0,0
2021-05-27,Barcelona,0,0,9,1
2021-05-27,Bizkaia,0,171,0,0
2021-05-27,Burgos,0,56,3,0
2021-05-27,Cantabria,0,0,1,2
2021-05-27,Castellón/Castelló,0,34,4,1
2021-05-27,Ceuta,0,0,1,0
2021-05-27,Ciudad Real,0,0,2,0
2021-05-27,"Coruña, A",0,0,3,1
2021-05-27,Cuenca,0,0,0,0
2021-05-27,Cáceres,0,9,2,1
2021-05-27,Cádiz,0,0,4,1
2021-05-27,Córdoba,0,0,4,1
2021-05-27,Gipuzkoa,1,138,0,0
2021-05-27,Girona,0,0,0,0
2021-05-27,Granada,1,0,12,1
2021-05-27,Guadalajara,1,0,1,0
2021-05-27,Huelva,0,0,2,0
2021-05-27,Huesca,0,30,1,1
2021-05-27,Jaén,0,0,12,2
2021-05-27,León,0,42,4,0
2021-05-27,Lleida,0,0,1,0
2021-05-27,Lugo,1,0,0,0
2021-05-27,Madrid,4,0,59,6
2021-05-27,Melilla,0,0,0,0
2021-05-27,Murcia,0,110,6,0
2021-05-27,Málaga,0,0,9,0
2021-05-27,Navarra,0,0,3,0
2021-05-27,Ourense,0,0,1,0
2021-05-27,Palencia,0,25,4,0
2021-05-27,"Palmas, Las",0,45,2,0
2021-05-27,Pontevedra,1,0,1,0
2021-05-27,"Rioja, La",0,0,5,1
2021-05-27,Salamanca,0,11,0,0
2021-05-27,Santa Cruz de Tenerife,0,68,1,0
2021-05-27,Segovia,0,9,1,0
2021-05-27,Sevilla,1,0,20,1
2021-05-27,Soria,0,11,0,0
2021-05-27,Tarragona,0,0,0,0
2021-05-27,Teruel,0,4,1,0
2021-05-27,Toledo,0,0,4,0
2021-05-27,Valencia/València,0,115,5,1
2021-05-27,Valladolid,0,60,2,0
2021-05-27,Zamora,0,10,0,0
2021-05-27,Zaragoza,0,113,10,0
2021-05-27,Ávila,0,11,0,0
2021-05-28,Albacete,0,0,0,0
2021-05-28,Alicante/Alacant,0,52,0,0
2021-05-28,Almería,1,0,1,0
2021-05-28,Araba/Álava,0,45,0,0
2021-05-28,Asturias,0,71,9,1
2021-05-28,Badajoz,0,32,0,0
2021-05-28,"Balears, Illes",0,0,2,1
2021-05-28,Barcelona,1,0,15,0
2021-05-28,Bizkaia,0,204,0,0
2021-05-28,Burgos,0,57,4,0
2021-05-28,Cantabria,0,0,1,0
2021-05-28,Castellón/Castelló,0,31,2,0
2021-05-28,Ceuta,0,0,0,0
2021-05-28,Ciudad Real,0,0,3,0
2021-05-28,"Coruña, A",0,0,3,2
2021-05-28,Cuenca,0,0,0,0
2021-05-28,Cáceres,0,19,2,0
2021-05-28,Cádiz,0,0,3,0
2021-05-28,Córdoba,0,0,5,0
2021-05-28,Gipuzkoa,1,133,0,0
2021-05-28,Girona,0,0,1,0
2021-05-28,Granada,1,0,15,1
2021-05-28,Guadalajara,0,0,0,0
2021-05-28,Huelva,0,0,3,0
2021-05-28,Huesca,0,29,2,0
2021-05-28,Jaén,0,0,6,0
2021-05-28,León,0,52,3,0
2021-05-28,Lleida,0,0,0,0
2021-05-28,Lugo,0,0,1,0
2021-05-28,Madrid,2,0,65,5
2021-05-28,Melilla,0,0,3,0
2021-05-28,Murcia,0,74,7,1
2021-05-28,Málaga,0,0,7,0
2021-05-28,Navarra,0,0,4,0
2021-05-28,Ourense,0,0,1,0
2021-05-28,Palencia,0,23,3,0
2021-05-28,"Palmas, Las",0,44,1,0
2021-05-28,Pontevedra,0,0,3,0
2021-05-28,"Rioja, La",0,0,4,0
2021-05-28,Salamanca,1,16,0,0
2021-05-28,Santa Cruz de Tenerife,0,62,3,0
2021-05-28,Segovia,0,10,0,0
2021-05-28,Sevilla,1,0,7,0
2021-05-28,Soria,0,7,2,0
2021-05-28,Tarragona,1,0,0,0
2021-05-28,Teruel,0,6,2,0
2021-05-28,Toledo,1,0,5,0
2021-05-28,Valencia/València,0,72,8,0
2021-05-28,Valladolid,0,86,6,1
2021-05-28,Zamora,1,14,1,0
2021-05-28,Zaragoza,1,140,12,0
2021-05-28,Ávila,0,8,0,0
2021-05-29,Albacete,0,0,0,0
2021-05-29,Alicante/Alacant,0,0,1,0
2021-05-29,Almería,1,0,2,0
2021-05-29,Araba/Álava,1,47,0,0
2021-05-29,Asturias,0,67,7,1
2021-05-29,Badajoz,0,32,3,0
2021-05-29,"Balears, Illes",0,0,3,0
2021-05-29,Barcelona,0,0,7,0
2021-05-29,Bizkaia,2,165,1,0
2021-05-29,Burgos,0,53,1,0
2021-05-29,Cantabria,0,0,1,0
2021-05-29,Castellón/Castelló,0,0,3,0
2021-05-29,Ceuta,1,0,0,0
2021-05-29,Ciudad Real,0,0,0,0
2021-05-29,"Coruña, A",0,0,5,1
2021-05-29,Cuenca,0,0,0,0
2021-05-29,Cáceres,0,12,0,0
2021-05-29,Cádiz,0,0,3,0
2021-05-29,Córdoba,0,0,4,0
2021-05-29,Gipuzkoa,0,93,0,0
2021-05-29,Girona,0,0,1,1
2021-05-29,Granada,0,0,8,1
2021-05-29,Guadalajara,0,0,0,0
2021-05-29,Huelva,0,0,1,0
2021-05-29,Huesca,0,24,2,0
2021-05-29,Jaén,0,0,2,0
2021-05-29,León,0,40,1,0
2021-05-29,Lleida,0,0,0,0
2021-05-29,Lugo,0,0,0,0
2021-05-29,Madrid,3,0,37,5
2021-05-29,Melilla,0,0,0,0
2021-05-29,Murcia,0,49,3,0
2021-05-29,Málaga,0,0,10,0
2021-05-29,Navarra,3,0,1,0
2021-05-29,Ourense,0,0,1,0
2021-05-29,Palencia,0,28,0,0
2021-05-29,"Palmas, Las",0,27,4,0
2021-05-29,Pontevedra,0,0,5,0
2021-05-29,"Rioja, La",0,0,3,0
2021-05-29,Salamanca,0,23,0,0
2021-05-29,Santa Cruz de Tenerife,0,44,0,0
2021-05-29,Segovia,0,15,0,0
2021-05-29,Sevilla,1,0,9,0
2021-05-29,Soria,0,7,0,0
2021-05-29,Tarragona,0,0,0,0
2021-05-29,Teruel,0,6,0,0
2021-05-29,Toledo,0,0,2,0
2021-05-29,Valencia/València,0,0,4,0
2021-05-29,Valladolid,0,86,4,0
2021-05-29,Zamora,0,21,0,0
2021-05-29,Zaragoza,0,76,8,1
2021-05-29,Ávila,0,9,0,0
2021-05-30,Albacete,0,0,1,0
2021-05-30,Alicante/Alacant,0,0,2,0
2021-05-30,Almería,0,0,4,0
2021-05-30,Araba/Álava,0,32,0,0
2021-05-30,Asturias,0,28,4,1
2021-05-30,Badajoz,1,28,0,1
2021-05-30,"Balears, Illes",0,0,2,1
2021-05-30,Barcelona,0,0,10,1
2021-05-30,Bizkaia,3,129,0,0
2021-05-30,Burgos,0,26,0,0
2021-05-30,Cantabria,1,0,2,0
2021-05-30,Castellón/Castelló,0,0,2,2
2021-05-30,Ceuta,0,1,0,0
2021-05-30,Ciudad Real,0,0,3,0
2021-05-30,"Coruña, A",1,0,5,0
2021-05-30,Cuenca,0,0,0,0
2021-05-30,Cáceres,1,15,0,0
2021-05-30,Cádiz,1,0,2,0
2021-05-30,Córdoba,1,0,4,1
2021-05-30,Gipuzkoa,1,88,0,0
2021-05-30,Girona,0,0,2,0
2021-05-30,Granada,0,0,6,2
2021-05-30,Guadalajara,1,0,0,0
2021-05-30,Huelva,0,0,4,0
2021-05-30,Huesca,0,4,2,0
2021-05-30,Jaén,0,0,5,0
2021-05-30,León,0,25,2,0
2021-05-30,Lleida,0,0,0,0
2021-05-30,Lugo,0,0,3,0
2021-05-30,Madrid,7,0,35,1
2021-05-30,Melilla,0,0,1,0
2021-05-30,Murcia,0,8,3,0
2021-05-30,Málaga,0,0,7,0
2021-05-30,Navarra,1,0,1,1
2021-05-30,Ourense,0,0,2,0
2021-05-30,Palencia,0,7,0,0
2021-05-30,"Palmas, Las",0,30,1,0
2021-05-30,Pontevedra,0,0,1,2
2021-05-30,"Rioja, La",0,0,2,0
2021-05-30,Salamanca,0,17,1,0
2021-05-30,Santa Cruz de Tenerife,1,54,3,2
2021-05-30,Segovia,0,9,0,0
2021-05-30,Sevilla,1,0,8,0
2021-05-30,Soria,0,2,0,0
2021-05-30,Tarragona,0,0,2,0
2021-05-30,Teruel,0,3,0,0
2021-05-30,Toledo,1,0,4,0
2021-05-30,Valencia/València,0,0,1,1
2021-05-30,Valladolid,0,38,1,1
2021-05-30,Zamora,0,1,0,0
2021-05-30,Zaragoza,0,41,9,1
2021-05-30,Ávila,0,8,0,0
2021-05-31,Albacete,0,0,1,0
2021-05-31,Alicante/Alacant,0,66,2,0
2021-05-31,Almería,0,0,0,0
2021-05-31,Araba/Álava,0,31,0,0
2021-05-31,Asturias,0,77,6,2
2021-05-31,Badajoz,0,65,0,0
2021-05-31,"Balears, Illes",0,0,3,0
2021-05-31,Barcelona,0,0,12,0
2021-05-31,Bizkaia,2,169,0,0
2021-05-31,Burgos,0,18,1,0
2021-05-31,Cantabria,0,0,5,0
2021-05-31,Castellón/Castelló,0,26,0,0
2021-05-31,Ceuta,0,5,0,0
2021-05-31,Ciudad Real,0,0,0,0
2021-05-31,"Coruña, A",0,0,4,1
2021-05-31,Cuenca,0,0,0,0
2021-05-31,Cáceres,0,16,1,0
2021-05-31,Cádiz,0,0,5,0
2021-05-31,Córdoba,0,0,5,1
2021-05-31,Gipuzkoa,0,136,0,0
2021-05-31,Girona,0,0,0,0
2021-05-31,Granada,2,0,9,1
2021-05-31,Guadalajara,0,0,1,0
2021-05-31,Huelva,0,0,5,1
2021-05-31,Huesca,0,23,2,0
2021-05-31,Jaén,0,0,10,4
2021-05-31,León,0,12,2,0
2021-05-31,Lleida,0,0,0,0
2021-05-31,Lugo,0,0,1,0
2021-05-31,Madrid,4,0,30,5
2021-05-31,Melilla,0,0,1,0
2021-05-31,Murcia,0,64,7,0
2021-05-31,Málaga,1,0,12,2
2021-05-31,Navarra,0,0,3,0
2021-05-31,Ourense,0,0,1,0
2021-05-31,Palencia,0,12,1,0
2021-05-31,"Palmas, Las",1,29,1,0
2021-05-31,Pontevedra,2,0,5,0
2021-05-31,"Rioja, La",0,0,5,1
2021-05-31,Salamanca,0,7,3,0
2021-05-31,Santa Cruz de Tenerife,0,48,1,0
2021-05-31,Segovia,0,2,0,0
2021-05-31,Sevilla,2,0,12,1
2021-05-31,Soria,0,3,1,0
2021-05-31,Tarragona,1,0,0,0
2021-05-31,Teruel,0,10,1,0
2021-05-31,Toledo,0,0,2,0
2021-05-31,Valencia/València,0,91,2,0
2021-05-31,Valladolid,0,20,5,1
2021-05-31,Zamora,2,1,2,0
2021-05-31,Zaragoza,0,98,12,1
2021-05-31,Ávila,0,3,1,0
